participantId,objectName,objectDwellFirstTime,objectDwellEndTime,objectDwellTotalTime,objectDwellValid,objectDwellPosX,objectDwellPosY,objectDwellPosZ,objectDwellDistance
501,Image_Original,0.0,120.0,120.0,1,57.55363,16.69606,32.45312,2.2552981
501,Image_Differences,132.0,520.0,388.0,1,57.5531,16.69547,32.4541,2.218329
501,Image_Original,532.0,700.0,168.0,1,57.55294,16.69506,32.45609,2.204004
501,Wall,708.0,708.0,0.0,0,57.55331,16.69517,32.45652,2.2349322
501,Image_Original,720.0,756.0,36.0,0,57.55334,16.6952,32.45654,2.2195334
501,Wall,764.0,764.0,0.0,0,57.5534,16.69521,32.4566,2.2348523
501,Image_Differences,776.0,796.0,20.0,0,57.5534,16.69521,32.4566,2.219741
501,Image_Original,800.0,1396.0,596.0,1,57.55336,16.69516,32.45655,2.2117567
501,Image_Differences,1408.0,1796.0,388.0,1,57.55304,16.69401,32.45641,2.1832292
501,Image_Original,1808.0,2556.0,748.0,1,57.55326,16.69395,32.45642,2.240289
501,Basic Wall:Cihla plná pálená 600mm:728924,2564.0,2588.0,24.0,0,57.55821,16.69225,32.45275,2.6668935
501,Sink,2596.0,2708.0,112.0,1,57.56214,16.69222,32.45346,2.7884984
501,Basic Wall:Cihla plná pálená 750mm:728921,2720.0,2732.0,12.0,0,57.57169,16.69206,32.45353,3.377837
501,sideDoorsNonSpecific,2744.0,2744.0,0.0,0,57.57434,16.69209,32.45534,3.054827
501,Desk2,2756.0,2788.0,32.0,0,57.57563,16.69208,32.45642,3.1905067
501,Wall_Part,2796.0,2808.0,12.0,0,57.58017,16.69233,32.46239,7.041251
501,sideDoorsNonSpecific,2820.0,4552.0,1732.0,1,57.58138,16.69247,32.46416,6.9695497
501,Desk2,4564.0,4676.0,112.0,1,57.01879,16.54438,29.86271,0.30682725
501,sideDoorsNonSpecific,4684.0,5100.0,416.0,1,57.03795,16.54121,29.84214,4.3752255
501,Wall_Part,5108.0,5364.0,256.0,1,57.39711,16.53996,29.69137,4.2341967
501,sideDoorsNonSpecific,5364.0,5396.0,32.0,0,57.269,16.55236,28.92219,3.3820431
501,Wall_Part,5396.0,5408.0,12.0,0,57.25284,16.55244,28.82261,3.3175929
501,sideDoorsNonSpecific,5420.0,5432.0,12.0,0,57.24453,16.55247,28.77283,3.2247114
501,Wall_Part,5440.0,5568.0,128.0,1,57.23182,16.55249,28.69767,3.208714
501,RadWall,5576.0,5584.0,8.0,0,57.07446,16.55271,28.32315,4.6482954
501,Radiator_ET,5596.0,5596.0,0.0,0,57.04202,16.55273,28.28391,4.910924
501,RadWall,5608.0,5608.0,0.0,0,57.0251,16.55282,28.26481,5.280752
501,Radiator_ET,5620.0,5620.0,0.0,0,56.99091,16.55288,28.22773,5.2685695
501,Wall_Part,5628.0,5676.0,48.0,0,56.97283,16.55304,28.2099,5.650027
501,Radiator_ET,5684.0,5684.0,0.0,0,56.96983,16.55342,28.21216,6.9070163
501,Tiles_Ring,5696.0,5696.0,0.0,0,56.9692,16.55351,28.2126,7.864043
501,4A,5708.0,5828.0,120.0,1,56.96855,16.55356,28.21313,7.7876945
501,4A_Tree_1,5840.0,5840.0,0.0,0,56.96533,16.5543,28.21714,13.203311
501,4A,5852.0,5852.0,0.0,0,56.96526,16.5544,28.21736,13.179844
501,4A_Table_1_set,5864.0,5864.0,0.0,0,56.96519,16.5544,28.21759,8.28638
501,4A,5864.0,5864.0,0.0,0,56.96519,16.5544,28.21759,12.662232
501,4A_Table_1_set,5872.0,5940.0,68.0,1,56.96518,16.55449,28.21782,8.291052
501,4A,5952.0,5964.0,12.0,0,56.85022,16.5549,28.17038,12.173211
501,4A_Tree_1,5972.0,6020.0,48.0,0,56.7812,16.55505,28.14162,13.035549
501,4A,6032.0,6052.0,20.0,0,56.6432,16.55562,28.08474,13.124303
501,4A_Table_1_set,6064.0,6072.0,8.0,0,56.55091,16.55612,28.04725,8.234726
501,4A,6084.0,6084.0,0.0,0,56.48162,16.55651,28.01922,20.963806
501,Basic Wall:Cihla plná pálená 750mm:729120,6096.0,6096.0,0.0,0,56.4586,16.55665,28.00985,45.381115
501,4A_Tree_1,6108.0,6152.0,44.0,0,56.4356,16.55683,28.00044,12.597547
501,4D_Medium_Plant_2,6164.0,6164.0,0.0,0,56.27395,16.55744,27.93562,44.36975
501,4D_Hall_End,6176.0,6196.0,20.0,0,56.22761,16.55754,27.91729,45.140068
501,Basic Wall:Cihla plná pálená 750mm:729120,6196.0,6196.0,0.0,0,56.15794,16.55784,27.89025,45.077553
501,4D_Hall_End,6208.0,6208.0,0.0,0,56.13473,16.55799,27.88129,45.052105
501,Basic Wall:Cihla plná pálená 750mm:729120,6220.0,6220.0,0.0,0,56.11149,16.55813,27.87233,45.029175
501,4D_Hall_End,6232.0,6240.0,8.0,0,56.08823,16.55824,27.86337,45.001266
501,4D_Medium_Plant_2,6252.0,6268.0,16.0,0,56.01831,16.55845,27.83659,44.10668
501,4D_Hall_End,6276.0,6276.0,0.0,0,55.94788,16.55859,27.81076,44.859165
501,Basic Wall:Cihla plná pálená 750mm:729120,6284.0,6284.0,0.0,0,55.92437,16.55864,27.8024,44.83769
501,4A_Tree_1,6300.0,6300.0,0.0,0,55.9007,16.55865,27.79424,12.064926
501,4C_Table_1_set,6300.0,6300.0,0.0,0,55.87697,16.55865,27.78638,36.97808
501,4A_Tree_1,6308.0,6628.0,320.0,1,55.85328,16.55866,27.77846,12.02031
501,4C_Bench,6644.0,6696.0,52.0,1,54.88127,16.56033,27.54347,32.91055
501,4C,6708.0,6740.0,32.0,0,54.68531,16.56072,27.50581,32.622948
501,4D,6752.0,6752.0,0.0,0,54.56293,16.56112,27.48224,40.559456
501,4D_Medium_Plant_2,6764.0,6764.0,0.0,0,54.53848,16.56123,27.47758,42.647724
501,Cube (102),6772.0,6772.0,0.0,0,54.48946,16.56134,27.4682,43.413467
501,4D,6784.0,6784.0,0.0,0,54.46503,16.56145,27.46355,41.92567
501,Cube (102),6796.0,6796.0,0.0,0,54.44059,16.56153,27.45889,43.365215
501,4D_Hall_End,6804.0,6804.0,0.0,0,54.39157,16.56154,27.44957,43.31695
501,4D_Medium_Plant_2,6816.0,6840.0,24.0,0,54.36714,16.56155,27.44495,42.46983
501,4D_Hall_End,6852.0,6884.0,32.0,0,54.26923,16.56171,27.42636,43.181355
501,Basic Wall:Cihla plná pálená 750mm:729120,6892.0,6892.0,0.0,0,54.14684,16.56202,27.40335,43.059032
501,4D_Medium_Plant_2,6908.0,6916.0,8.0,0,54.12228,16.56211,27.3989,42.225506
501,4D_Hall_End,6928.0,6948.0,20.0,0,54.04847,16.5623,27.3863,42.976376
501,4C_Table_1_set,6960.0,6996.0,36.0,0,53.94995,16.56241,27.37099,35.06425
501,4C_Bench,7004.0,7104.0,100.0,1,53.82674,16.56267,27.3535,31.823584
501,4C_Table_1_set,7116.0,7116.0,0.0,0,53.50499,16.5633,27.31501,34.625782
501,4C_Medium_Plant_1,7124.0,7136.0,12.0,0,53.45541,16.56336,27.30915,33.755394
501,4C_Table_1_set,7148.0,7160.0,12.0,0,53.4058,16.56341,27.30344,34.52705
501,4D_Hall_End,7172.0,7192.0,20.0,0,53.33136,16.56343,27.29496,42.271606
501,Cube (102),7204.0,7204.0,0.0,0,53.2322,16.56343,27.28363,42.164352
501,4C_Table_1_set,7212.0,7216.0,4.0,0,53.20736,16.56343,27.28076,34.332066
501,4D,7224.0,7224.0,0.0,0,53.15767,16.5634,27.27543,41.639294
501,4C_Table_1_set,7236.0,7236.0,0.0,0,53.13279,16.56339,27.27269,34.26443
501,4C_Medium_Plant_1,7248.0,7248.0,0.0,0,53.08302,16.5634,27.26764,33.3273
501,4C_Table_1_set,7260.0,7284.0,24.0,0,53.05811,16.56344,27.26517,34.192142
501,4C_Medium_Plant_1,7292.0,7316.0,24.0,0,52.95855,16.56341,27.25562,33.20388
501,4C_Bench,7328.0,7472.0,144.0,1,52.85896,16.56346,27.24693,32.719784
501,4C_Medium_Plant_1,7484.0,7508.0,24.0,0,52.38554,16.56359,27.21157,32.633892
501,4C_Table_1_set,7516.0,7608.0,92.0,1,52.2859,16.56363,27.20474,33.41926
501,Cube (102),7620.0,7708.0,88.0,1,51.98686,16.56387,27.18457,40.928387
501,4D_Medium_Plant_2,7720.0,7816.0,96.0,1,51.68781,16.56408,27.16443,39.813576
501,4D,7828.0,7828.0,0.0,0,51.36327,16.56436,27.14236,38.777863
501,4A_Tree_1,7840.0,8292.0,452.0,1,51.33822,16.56434,27.14065,7.5632453
501,4A_Tree_2,8304.0,8308.0,4.0,0,49.93802,16.5639,27.10354,9.991879
501,4C_Bench,8316.0,8316.0,0.0,0,49.88798,16.56391,27.10258,27.930624
501,4C_Medium_Plant_1,8328.0,8328.0,0.0,0,49.86293,16.5639,27.10207,30.1024
501,4C_Table_1_set,8340.0,8384.0,44.0,0,49.83789,16.56392,27.10154,30.964048
501,4C_Medium_Plant_1,8396.0,8752.0,356.0,1,49.66274,16.56396,27.09813,29.906189
501,4D_Medium_Plant_2,8764.0,8764.0,0.0,0,48.5629,16.56395,27.07797,36.677658
501,4D_Hall_End,8772.0,8772.0,0.0,0,48.53794,16.564,27.0775,37.473927
501,Wall_Part,8784.0,8852.0,68.0,1,48.48795,16.56404,27.0766,29.448637
501,Radiator_ET,8864.0,8884.0,20.0,0,48.26317,16.56416,27.07265,30.833977
501,Wall_Part,8896.0,8920.0,24.0,0,48.1632,16.56413,27.07088,30.707972
501,Radiator_ET,8928.0,8928.0,0.0,0,48.06314,16.56411,27.06895,30.637133
501,Wall_Part,8940.0,8948.0,8.0,0,48.03811,16.56409,27.06848,32.45443
501,Radiator_ET,8964.0,9108.0,144.0,1,47.96312,16.56405,27.06711,31.159916
501,Wall_Part,9116.0,9172.0,56.0,1,47.48879,16.56384,27.0585,29.89471
501,4D_Medium_Plant_10,9184.0,9184.0,0.0,0,47.2889,16.56389,27.05499,35.549408
501,4D_Medium_Plant_2,9196.0,9196.0,0.0,0,47.26395,16.56386,27.05466,35.384266
501,4C_Medium_Plant_1,9204.0,9204.0,0.0,0,47.23894,16.56384,27.05424,27.509312
501,Basic Wall:Cihla plná pálená 750mm:728921,9204.0,9216.0,12.0,0,47.21394,16.56384,27.05379,15.956938
501,4A_Tree_1,9228.0,10028.0,800.0,1,47.16392,16.56378,27.05295,3.4877324
501,sideDoorsNonSpecific,10036.0,10092.0,56.0,1,44.73824,16.56369,27.02341,4.602674
501,Basic Wall:Cihla plná pálená 750mm:728921,10104.0,10128.0,24.0,0,44.53824,16.56387,27.01984,4.6338625
501,sideDoorsNonSpecific,10140.0,10204.0,64.0,1,44.43811,16.5638,27.0179,4.4735465
501,Basic Wall:Cihla plná pálená 750mm:728921,10216.0,10348.0,132.0,1,44.18827,16.56358,27.01333,4.3001857
501,sideDoorsNonSpecific,10360.0,10416.0,56.0,1,43.76381,16.56356,27.0058,3.7625425
501,Basic Wall:Cihla plná pálená 750mm:728921,10428.0,10728.0,300.0,1,43.56384,16.56352,27.00227,3.8022966
501,4B_Auditorium_Sign,10740.0,10760.0,20.0,0,42.63811,16.5631,26.98447,10.769612
501,Basic Wall:Cihla plná pálená 750mm:728921,10772.0,10772.0,0.0,0,42.53802,16.56299,26.98239,11.111174
501,4B_Auditorium_Sign,10772.0,10840.0,68.0,1,42.51302,16.56299,26.98195,10.976268
501,Basic Wall:Cihla plná pálená 750mm:728921,10840.0,11072.0,232.0,1,42.31302,16.56287,26.97807,10.874525
501,Switch,11072.0,11072.0,0.0,0,41.61306,16.56283,26.96241,26.646215
501,4D_Hall_End,11084.0,11084.0,0.0,0,41.58808,16.56284,26.96167,30.492373
501,Wall_Part,11096.0,11108.0,12.0,0,41.56307,16.56281,26.96089,23.289768
501,4I_Switch_Dot_NE,11116.0,11128.0,12.0,0,41.48808,16.56275,26.95878,9.98791
501,Wall_Part,11140.0,11140.0,0.0,0,41.43794,16.56271,26.95715,9.971186
501,4I_Switch_Dot_NE,11148.0,11404.0,256.0,1,41.38792,16.56265,26.95592,9.895269
501,Wall_Part,11416.0,11572.0,156.0,1,40.58669,16.56168,26.93789,9.099129
501,4C_Window_1,11584.0,11584.0,0.0,0,40.08723,16.56206,26.92922,14.755801
501,4D_Medium_Plant_10,11596.0,11596.0,0.0,0,40.06227,16.56208,26.92887,28.339453
501,Basic Wall:Cihla plná pálená 750mm:728921,11604.0,11692.0,88.0,1,40.0373,16.56209,26.92848,20.795996
501,sideDoorsNonSpecific,11704.0,11772.0,68.0,1,39.73764,16.5622,26.92412,7.445662
501,Basic Wall:Cihla plná pálená 750mm:728921,11772.0,11772.0,0.0,0,39.51313,16.56229,26.92113,7.313905
501,sideDoorsNonSpecific,11784.0,11804.0,20.0,0,39.48822,16.56234,26.9209,7.2800117
501,Basic Wall:Cihla plná pálená 750mm:728921,11804.0,11908.0,104.0,1,39.41346,16.56246,26.91994,7.219152
501,sideDoorsNonSpecific,11916.0,11916.0,0.0,0,39.08938,16.56314,26.91554,6.9180994
501,Basic Wall:Cihla plná pálená 750mm:728921,11928.0,12204.0,276.0,1,39.06444,16.5632,26.91521,6.8767676
501,4B_Auditorium_Sign,12204.0,12216.0,12.0,0,38.21457,16.5633,26.90223,6.2859044
501,Basic Wall:Cihla plná pálená 750mm:728921,12228.0,12228.0,0.0,0,38.16457,16.5633,26.9015,6.2266717
501,4B_Auditorium_Sign,12240.0,12240.0,0.0,0,38.13953,16.56333,26.90111,6.218912
501,Basic Wall:Cihla plná pálená 750mm:728921,12248.0,12272.0,24.0,0,38.08952,16.56334,26.90029,6.1569657
501,4B_Auditorium_Sign,12284.0,12328.0,44.0,0,37.9895,16.56338,26.89865,6.080595
501,Basic Wall:Cihla plná pálená 750mm:728921,12340.0,12340.0,0.0,0,37.83946,16.56334,26.8962,6.591385
501,4B_Auditorium_Sign,12348.0,12360.0,12.0,0,37.78947,16.56331,26.89535,6.440593
501,Basic Wall:Cihla plná pálená 750mm:728921,12372.0,12416.0,44.0,0,37.73941,16.56324,26.89457,6.468294
501,4B_Auditorium_Sign,12428.0,12448.0,20.0,0,37.56432,16.56317,26.89179,6.194854
501,Basic Wall:Cihla plná pálená 750mm:728921,12460.0,12460.0,0.0,0,37.46422,16.5631,26.89015,6.212574
501,4B_Auditorium_Sign,12472.0,12472.0,0.0,0,37.43916,16.56308,26.88968,6.066632
501,Basic Wall:Cihla plná pálená 750mm:728921,12484.0,12516.0,32.0,0,37.38912,16.56301,26.88874,6.1999993
501,4D_Hall_End,12528.0,12540.0,12.0,0,37.26392,16.56273,26.88568,26.222025
501,Wall_Part,12548.0,12560.0,12.0,0,37.18882,16.56247,26.88365,12.050752
501,4I_Switch_Dot_NE,12572.0,12596.0,24.0,0,37.13869,16.56223,26.88195,5.6719894
501,Wall_Part,12604.0,12628.0,24.0,0,37.03852,16.56182,26.87888,5.6948414
501,4I_Fire_Extinguisher,12636.0,12636.0,0.0,0,36.93842,16.56153,26.87584,5.5191574
501,Wall_Part,12648.0,12704.0,56.0,1,36.88842,16.5615,26.87456,5.546579
501,4I_Switch_Dot_NE,12704.0,12704.0,0.0,0,36.71375,16.56151,26.86979,5.350946
501,Wall_Part,12716.0,12724.0,8.0,0,36.68882,16.56151,26.869,5.352169
501,4I_Fire_Extinguisher,12740.0,12740.0,0.0,0,36.63899,16.56152,26.86741,5.2362537
501,Wall_Part,12748.0,12748.0,0.0,0,36.58907,16.56152,26.86615,5.271322
501,4I_Fire_Extinguisher,12760.0,12760.0,0.0,0,36.56411,16.56157,26.86534,5.1673865
501,Wall_Part,12772.0,12772.0,0.0,0,36.53916,16.56159,26.86449,5.222656
501,4I_Fire_Extinguisher,12784.0,12872.0,88.0,1,36.48924,16.56157,26.86315,5.0885262
501,4I_Bars_Collider,12884.0,12892.0,8.0,0,36.19052,16.56127,26.84963,4.7110453
501,4I_Closing_Bars,12904.0,12948.0,44.0,0,36.14106,16.56115,26.84546,4.068164
501,4I_Bars_Collider,12960.0,13060.0,100.0,1,35.96923,16.56084,26.82551,3.3593504
501,Wall_Part,13072.0,13072.0,0.0,0,35.65861,16.5604,26.75333,1.4389356
501,4I_Bars_Collider,13072.0,14004.0,932.0,1,35.63487,16.5604,26.74547,2.575926
501,4I_Closing_Bars,14004.0,14216.0,212.0,1,33.39897,16.5582,25.86165,1.0311632
501,4I,14228.0,14228.0,0.0,0,33.06575,16.55674,26.03353,7.7620816
501,4I_Bars_Collider,14236.0,14536.0,300.0,1,33.06616,16.55674,26.03377,1.1476566
501,4I,14548.0,14572.0,24.0,0,33.07045,16.55636,26.03419,7.918365
501,4I_Closing_Bars,14580.0,15448.0,868.0,1,33.0643,16.55623,26.00948,1.1423212
501,4I_Bars_Collider,15448.0,16224.0,776.0,1,33.20803,16.5576,25.45943,0.54357654
501,4I_Closing_Bars,16236.0,16556.0,320.0,1,33.05405,16.55806,25.49992,0.6246566
501,4I,16568.0,16568.0,0.0,0,33.05812,16.55879,25.50316,8.129659
501,4I_Closing_Bars,16580.0,18156.0,1576.0,1,33.05817,16.55884,25.50327,0.6268579
501,4I_Bars_Collider,18168.0,18656.0,488.0,1,33.33839,16.56003,27.49113,2.5924838
501,4I_Closing_Bars,18668.0,18668.0,0.0,0,33.50442,16.56032,28.96323,4.112306
501,4I_Bars_Collider,18680.0,18700.0,20.0,0,33.49639,16.56043,28.9814,4.2845054
501,Wall_Part,18716.0,18716.0,0.0,0,33.48489,16.56072,29.06938,4.1816926
501,4I_Evac_Exit,18724.0,18724.0,0.0,0,33.48571,16.56081,29.08087,3.981115
501,Wall_Part,18736.0,18944.0,208.0,1,33.48584,16.56088,29.07978,3.8803613
501,4C_Window_1,18956.0,18956.0,0.0,0,33.48001,16.5603,29.06659,8.781687
501,Wall_Part,18968.0,18980.0,12.0,0,33.47954,16.56034,29.06635,9.944698
501,4C_Window_2,18988.0,18988.0,0.0,0,33.47868,16.56041,29.06612,11.744221
501,Wall_Part,19000.0,19032.0,32.0,0,33.47826,16.56043,29.06619,12.224712
501,4C_Window_2,19044.0,19056.0,12.0,0,33.47683,16.56057,29.06662,11.818632
501,Wall_Part,19068.0,19068.0,0.0,0,33.47628,16.56068,29.06664,10.310754
501,4M_Obložení okno vnitřní rovné:Rámeček obrázku:729635,19080.0,19080.0,0.0,0,33.47605,16.56071,29.06664,11.712106
501,4C_Window_2,19092.0,19156.0,64.0,1,33.47577,16.56071,29.06659,11.711302
501,Wall_Part,19168.0,19188.0,20.0,0,33.47419,16.56091,29.06607,11.879829
501,4E_Tree_1,19200.0,19200.0,0.0,0,33.47343,16.5612,29.06638,21.61399
501,4D_Hall_End,19212.0,19212.0,0.0,0,33.47318,16.5613,29.06658,22.56793
501,4D_Medium_Plant_2,19220.0,19292.0,72.0,1,33.47293,16.5614,29.06681,21.631872
501,4D_Hall_End,19300.0,19300.0,0.0,0,33.47149,16.5618,29.06822,22.469128
501,Basic Wall:Cihla plná pálená 750mm:729120,19312.0,19324.0,12.0,0,33.47134,16.56185,29.06835,22.488234
501,4D_Hall_End,19336.0,19380.0,44.0,0,33.4712,16.562,29.06854,22.468414
501,Basic Wall:Cihla plná pálená 750mm:729120,19388.0,19388.0,0.0,0,33.47087,16.56242,29.06905,22.48629
501,4D_Hall_End,19400.0,19400.0,0.0,0,33.47084,16.56247,29.06917,22.488136
501,Basic Wall:Cihla plná pálená 750mm:729120,19412.0,19412.0,0.0,0,33.47082,16.56251,29.06928,22.501364
501,4D_Hall_End,19424.0,19444.0,20.0,0,33.47082,16.56256,29.06945,22.498774
501,Basic Wall:Cihla plná pálená 750mm:729120,19456.0,19456.0,0.0,0,33.47074,16.56264,29.0697,22.523174
501,4D_Hall_End,19468.0,19492.0,24.0,0,33.47068,16.56267,29.06977,22.516325
501,Basic Wall:Cihla plná pálená 750mm:729120,19500.0,19532.0,32.0,0,33.47065,16.56267,29.06997,22.520565
501,4D_Hall_End,19544.0,19600.0,56.0,1,33.4707,16.56241,29.07015,22.510029
501,Basic Wall:Cihla plná pálená 750mm:729120,19612.0,19612.0,0.0,0,33.58455,16.56227,28.90595,22.606432
501,4D_Hall_End,19624.0,19648.0,24.0,0,33.61298,16.56229,28.86491,22.643744
501,Basic Wall:Cihla plná pálená 750mm:729120,19656.0,19656.0,0.0,0,33.6698,16.56226,28.78292,22.711794
501,4D_Hall_End,19668.0,19680.0,12.0,0,33.68404,16.56226,28.76243,22.725811
501,Basic Wall:Cihla plná pálená 750mm:729120,19680.0,19680.0,0.0,0,33.71248,16.56226,28.72136,22.757147
501,4D_Hall_End,19692.0,19748.0,56.0,1,33.72675,16.56228,28.70091,22.775894
501,Basic Wall:Cihla plná pálená 750mm:729120,19756.0,19756.0,0.0,0,33.82618,16.56244,28.55778,22.87315
501,4D_Hall_End,19756.0,19824.0,68.0,1,33.84038,16.56244,28.53721,22.887444
501,Basic Wall:Cihla plná pálená 750mm:729120,19836.0,19836.0,0.0,0,33.86813,16.56287,28.49862,22.781702
501,Basic Wall:Cihla plná pálená 750mm:728921,19844.0,20012.0,168.0,1,33.86797,16.56291,28.49917,7.095488
501,Little_Sign,20024.0,20024.0,0.0,0,33.86586,16.56248,28.50784,6.9139147
501,Basic Wall:Cihla plná pálená 750mm:728921,20036.0,20132.0,96.0,1,33.86582,16.56249,28.5082,8.618921
501,4D_Hall_End,20144.0,20144.0,0.0,0,33.86545,16.56248,28.51016,22.779837
501,Basic Wall:Cihla plná pálená 750mm:729120,20156.0,20156.0,0.0,0,33.86549,16.56249,28.51027,22.774147
501,4D_Hall_End,20168.0,20188.0,20.0,0,33.86546,16.56248,28.51038,22.775944
501,Basic Wall:Cihla plná pálená 750mm:729120,20200.0,20200.0,0.0,0,33.86541,16.56244,28.51058,22.774883
501,4D_Hall_End,20212.0,20212.0,0.0,0,33.86538,16.56248,28.5106,22.781443
501,Basic Wall:Cihla plná pálená 750mm:729120,20224.0,20224.0,0.0,0,33.86534,16.56246,28.51064,22.7826
501,4D_Hall_End,20236.0,20256.0,20.0,0,33.86533,16.56243,28.51062,22.783442
501,4D_Fire_Extinguisher,20268.0,20268.0,0.0,0,33.86521,16.56239,28.5106,22.693577
501,Basic Wall:Cihla plná pálená 750mm:729120,20280.0,20280.0,0.0,0,33.86516,16.56244,28.51061,22.780739
501,4D_Hall_End,20292.0,20348.0,56.0,1,33.86514,16.56238,28.51057,22.779476
501,4C_Medium_Plant_1,20356.0,20368.0,12.0,0,33.86531,16.56231,28.50949,14.129556
501,4C_Table_1_set,20380.0,20380.0,0.0,0,33.86536,16.56221,28.50877,16.008877
501,4D_Medium_Plant_2,20388.0,20388.0,0.0,0,33.86514,16.56213,28.5084,21.996237
501,Basic Wall:Cihla plná pálená 750mm:729120,20404.0,20404.0,0.0,0,33.86495,16.56204,28.50798,22.836563
501,4D_Medium_Plant_10,20412.0,20412.0,0.0,0,33.86449,16.56194,28.50756,22.230446
501,Wall_Part,20424.0,20468.0,44.0,0,33.86385,16.5618,28.50716,18.139193
501,4C,20480.0,20480.0,0.0,0,33.86228,16.56104,28.50376,4.0045257
501,4I,20492.0,20492.0,0.0,0,33.86246,16.56088,28.50305,3.6509223
501,4I_Bars_Collider,20512.0,20924.0,412.0,1,33.86357,16.56056,28.50178,3.922033
501,4I_Closing_Bars,20936.0,22144.0,1208.0,1,33.8807,16.56,28.49926,3.7516398
501,4I_Bars_Collider,22156.0,22576.0,420.0,1,32.92219,16.56106,25.66379,0.9161366
501,4I_Closing_Bars,22588.0,22768.0,180.0,1,32.53771,16.55801,25.75259,0.8941764
501,4I_Bars_Collider,22780.0,24244.0,1464.0,1,32.43899,16.55752,25.23512,0.3283671
501,4I_Closing_Bars,24252.0,24332.0,80.0,1,32.69123,16.55913,26.81958,1.9554554
501,4I_Bars_Collider,24344.0,24376.0,32.0,0,32.74076,16.55907,27.08945,2.2873921
501,Wall_Part,24388.0,24388.0,0.0,0,32.76348,16.55906,27.21182,12.90036
501,Cube (177),24400.0,24400.0,0.0,0,32.76803,16.55904,27.23625,12.915261
501,4I_Bars_Collider,24400.0,24900.0,500.0,1,32.77254,16.55904,27.26084,2.4541318
501,4I_Closing_Bars,24908.0,24908.0,0.0,0,32.91715,16.55759,28.03655,3.1652172
501,4I_Bars_Collider,24920.0,24956.0,36.0,0,32.91696,16.55765,28.03611,3.1620927
501,Wall_Part,24964.0,24964.0,0.0,0,32.91537,16.55765,28.03527,3.1114063
501,4I_Evac_Exit,24976.0,25012.0,36.0,0,32.91491,16.55768,28.03508,2.9039059
501,Wall_Part,25020.0,25540.0,520.0,1,32.91342,16.55795,28.03311,2.6543612
501,4C_Window_1,25552.0,25552.0,0.0,0,32.90126,16.56025,28.02252,7.926037
501,4C_Window_2,25564.0,25564.0,0.0,0,32.901,16.56037,28.02285,10.9249325
501,4E_Tree_1,25576.0,25576.0,0.0,0,32.90078,16.56052,28.0233,20.886654
501,4D_Hall_End,25588.0,25596.0,8.0,0,32.90056,16.56067,28.02394,21.808323
501,Basic Wall:Cihla plná pálená 750mm:728921,25608.0,26152.0,544.0,1,32.90017,16.56098,28.02522,15.167627
501,4B_Auditorium_Sign,26164.0,26900.0,736.0,1,32.91503,16.57385,28.01246,1.2624986
501,Basic Wall:Cihla plná pálená 750mm:728921,26908.0,27000.0,92.0,1,32.91214,16.57542,28.00731,1.6696043
501,Floor:Obecné 300mm:731082,27012.0,27020.0,8.0,0,32.91869,16.5748,28.02232,13.41065
501,Wall_Part,27032.0,27032.0,0.0,0,32.91895,16.5744,28.02722,12.241616
501,4C_Window_1,27044.0,27044.0,0.0,0,32.91882,16.57422,28.02922,7.9855776
501,Wall_Part,27056.0,27200.0,144.0,1,32.91858,16.57409,28.03111,4.7393513
501,4I_Evac_Exit,27208.0,27208.0,0.0,0,32.91553,16.57103,28.04177,2.805803
501,Wall_Part,27220.0,27232.0,12.0,0,32.91528,16.57074,28.04234,2.972622
501,4I_Bars_Collider,27244.0,27276.0,32.0,0,32.91457,16.57016,28.04403,3.3421433
501,4I_Closing_Bars,27284.0,27308.0,24.0,0,32.91433,16.56915,28.04603,3.1915905
501,4I_Bars_Collider,27320.0,27452.0,132.0,1,32.91504,16.56833,28.04701,3.1494615
501,4I_Closing_Bars,27464.0,28108.0,644.0,1,32.91594,16.56663,28.04796,3.171843
501,4I_Bars_Collider,28120.0,30044.0,1924.0,1,32.9031,16.5647,27.7758,2.9020634
501,4I_Closing_Bars,30052.0,30440.0,388.0,1,33.52564,16.56473,26.58261,1.7571367
501,4I_Bars_Collider,30452.0,30496.0,44.0,0,32.77974,16.56262,27.28283,2.4272633
501,4I_Fire_Extinguisher,30508.0,30520.0,12.0,0,32.60429,16.56221,27.26804,2.3177304
501,4I_Bars_Collider,30532.0,30532.0,0.0,0,32.55389,16.5621,27.26354,2.535778
501,Wall_Part,30540.0,30572.0,32.0,0,32.52859,16.56205,27.2613,2.48794
501,4I_Bars_Collider,30588.0,30588.0,0.0,0,32.37745,16.56172,27.24866,2.4689438
501,Wall_Part,30596.0,30640.0,44.0,0,32.35204,16.56167,27.24637,2.297047
501,4I_Evac_Exit,30652.0,30664.0,12.0,0,32.17488,16.56139,27.23158,1.864809
501,Wall_Part,30664.0,30860.0,196.0,1,32.12458,16.56134,27.22907,1.6001065
501,4D_Medium_Plant_10,30872.0,30872.0,0.0,0,31.59147,16.56058,27.43143,19.856297
501,4D_Medium_Plant_2,30884.0,30884.0,0.0,0,31.56385,16.56064,27.4732,19.715837
501,Basic Wall:Cihla plná pálená 750mm:728921,30896.0,31084.0,188.0,1,31.55091,16.56065,27.49478,11.4726
501,4C_Bench,31092.0,31128.0,36.0,0,31.44185,16.55953,27.74632,9.891353
501,4C_Medium_Plant_1,31140.0,31140.0,0.0,0,31.44047,16.55934,27.74406,11.716063
501,4C_Table_1_set,31152.0,31152.0,0.0,0,31.44014,16.55924,27.74348,12.607712
501,4C_Medium_Plant_1,31164.0,31164.0,0.0,0,31.43981,16.55917,27.74285,11.902268
501,4C_Bench,31172.0,31472.0,300.0,1,31.43954,16.55907,27.74223,10.616572
501,Basic Wall:Cihla plná pálená 750mm:728921,31484.0,31528.0,44.0,0,30.67724,16.55928,27.49232,8.776267
501,Little_Sign,31532.0,31552.0,20.0,0,30.53517,16.55959,27.44784,6.9396944
501,Basic Wall:Cihla plná pálená 750mm:728921,31564.0,31708.0,144.0,1,30.46434,16.55962,27.42625,6.8963966
501,Little_Sign,31720.0,31764.0,44.0,0,30.01671,16.56062,27.28828,6.493684
501,Basic Wall:Cihla plná pálená 750mm:728921,31772.0,31772.0,0.0,0,29.87551,16.56116,27.24426,6.644919
501,Little_Sign,31784.0,31784.0,0.0,0,29.82816,16.56124,27.22929,6.4709134
501,Basic Wall:Cihla plná pálená 750mm:728921,31796.0,31884.0,88.0,1,29.80467,16.56133,27.2219,6.5974116
501,Little_Sign,31896.0,31900.0,4.0,0,29.51834,16.56148,27.14536,6.0320635
501,Basic Wall:Cihla plná pálená 750mm:728921,31908.0,31908.0,0.0,0,29.4697,16.56144,27.13548,7.690529
501,4D_Hall_End,31916.0,31932.0,16.0,0,29.44544,16.56143,27.13091,16.116053
501,4D_Medium_Plant_2,31940.0,31940.0,0.0,0,29.37201,16.56136,27.11818,17.508993
501,4D_Hall_End,31952.0,31952.0,0.0,0,29.34763,16.5613,27.11408,18.329111
501,4E_Tree_1,31964.0,32008.0,44.0,0,29.32314,16.56118,27.11014,17.282936
501,4C_Window_4,32020.0,32028.0,8.0,0,29.15077,16.56091,27.08455,13.225758
501,Wall_Part,32040.0,32040.0,0.0,0,29.10159,16.56082,27.07738,11.48691
501,4C_Window_4,32052.0,32052.0,0.0,0,29.05223,16.56078,27.07018,13.129691
501,Wall_Part,32064.0,32164.0,100.0,1,29.02763,16.56077,27.06656,11.35063
501,4C_Window_4,32172.0,32172.0,0.0,0,28.68251,16.56072,27.01652,12.764397
501,Wall_Part,32184.0,32184.0,0.0,0,28.65785,16.56071,27.01324,11.128986
501,4C_Window_4,32196.0,32196.0,0.0,0,28.63319,16.56071,27.00996,12.707385
501,Wall_Part,32208.0,32284.0,76.0,1,28.58379,16.56072,27.00346,12.71763
501,4E_Tree_1,32296.0,32308.0,12.0,0,28.33644,16.56082,26.97397,16.29914
501,4D_Hall_End,32316.0,32316.0,0.0,0,28.26216,16.56079,26.96586,17.246061
501,4D_Medium_Plant_10,32328.0,32372.0,44.0,0,28.23742,16.56078,26.9634,16.528791
501,2M_Obložení okno vnitřní rovné:Rámeček obrázku:729643,32384.0,32384.0,0.0,0,28.06268,16.56065,26.95479,12.138496
501,Wall_Part,32396.0,32572.0,176.0,1,28.03767,16.56061,26.95366,9.33431
501,4C_Window_3,32584.0,32584.0,0.0,0,27.46318,16.56076,26.93508,8.422456
501,4D_Hall_End,32596.0,32596.0,0.0,0,27.43825,16.56078,26.93442,16.39691
501,4D_Medium_Plant_10,32608.0,32796.0,188.0,1,27.38831,16.56079,26.93316,16.100521
501,4D_Medium_Plant_2,32808.0,32808.0,0.0,0,26.81328,16.56112,26.91807,14.939775
501,Basic Wall:Cihla plná pálená 750mm:729120,32816.0,32816.0,0.0,0,26.7632,16.5611,26.91676,15.8240185
501,Basic Wall:Cihla plná pálená 750mm:728921,32828.0,33348.0,520.0,1,26.73809,16.56109,26.91611,11.690599
501,4D_Hall_End,33360.0,33372.0,12.0,0,25.13445,16.56182,26.89508,12.439662
501,4D_Medium_Plant_2,33384.0,33384.0,0.0,0,25.05941,16.56194,26.8944,13.229786
501,4D_Hall_End,33396.0,33516.0,120.0,1,25.0344,16.562,26.89414,13.969119
501,Basic Wall:Cihla plná pálená 750mm:729120,33528.0,33528.0,0.0,0,24.63433,16.56223,26.89038,13.562872
501,4D_Hall_End,33540.0,33628.0,88.0,1,24.60938,16.56229,26.89011,13.538135
501,4E_Tree_1,33640.0,33640.0,0.0,0,24.3098,16.56276,26.88751,12.236715
501,Wall_Part,33652.0,33652.0,0.0,0,24.25982,16.56281,26.88722,8.955483
501,4C_Window_4,33660.0,33692.0,32.0,0,24.23485,16.56287,26.88704,8.301951
501,4M_Obložení okno vnitřní rovné:Rámeček obrázku:729643,33708.0,33708.0,0.0,0,24.11001,16.56287,26.88647,8.184493
501,4C_Evac_Arrow_1_NE,33716.0,33804.0,88.0,1,24.06005,16.56284,26.88626,8.986758
501,Wall_Part,33816.0,33948.0,132.0,1,23.76045,16.56295,26.88536,9.333476
501,4E_Tree_1,33964.0,34004.0,40.0,0,23.33637,16.56355,26.88451,11.279983
501,4D_Hall_End,34016.0,34252.0,236.0,1,23.16141,16.56374,26.8842,12.119365
501,4D_Medium_Plant_2,34260.0,34272.0,12.0,0,22.43699,16.56415,26.88431,10.554146
501,4D_Hall_End,34284.0,34296.0,12.0,0,22.36198,16.56412,26.88436,11.200693
501,Basic Wall:Cihla plná pálená 750mm:728921,34308.0,34316.0,8.0,0,22.31195,16.56406,26.88449,7.5028954
501,4D_Hall_End,34328.0,34360.0,32.0,0,22.2369,16.5641,26.8845,7.9469085
501,Basic Wall:Cihla plná pálená 750mm:728921,34372.0,34628.0,256.0,1,22.11174,16.56412,26.88461,7.1886144
501,4D_Hall_End,34640.0,34984.0,344.0,1,21.31088,16.56337,26.88342,6.798658
501,4D_Medium_Plant_2,34996.0,34996.0,0.0,0,20.23524,16.56319,26.88025,8.403107
501,4D_Hall_End,35004.0,35028.0,24.0,0,20.21016,16.56317,26.88011,9.15156
501,4E_Tree_1,35040.0,35372.0,332.0,1,20.10999,16.56301,26.8796,8.094601
501,4D_Hall_End,35372.0,35396.0,24.0,0,19.08725,16.56309,26.87526,8.103494
501,4D_Medium_Plant_2,35404.0,35404.0,0.0,0,19.01252,16.56326,26.87498,7.1505895
501,4D_Hall_End,35416.0,35684.0,268.0,1,18.9626,16.56329,26.87483,8.005776
501,4D_Medium_Plant_2,35692.0,35692.0,0.0,0,18.13759,16.56305,26.87232,6.2710567
501,4D_Hall_End,35704.0,35740.0,36.0,0,18.11252,16.56302,26.87223,7.0437737
501,4E_Tree_1,35748.0,36504.0,756.0,1,17.96231,16.56292,26.87171,6.004432
501,Basic Wall:Cihla plná pálená 750mm:729120,36516.0,36516.0,0.0,0,15.68793,16.56186,26.84422,5.437685
501,4E_Tree_1,36524.0,36604.0,80.0,1,15.63812,16.56184,26.84139,4.094696
501,Basic Wall:Cihla plná pálená 750mm:729120,36616.0,36628.0,12.0,0,15.36531,16.56186,26.81655,5.180344
501,sideDoorsNonSpecific,36636.0,36740.0,104.0,1,15.31618,16.56186,26.81073,5.6366925
501,Basic Wall:Cihla plná pálená 750mm:729120,36748.0,37004.0,256.0,1,14.97888,16.56183,26.73376,5.9312057
501,4E_Tree_2,37016.0,37060.0,44.0,0,14.28324,16.56152,26.36538,7.823104
501,Basic Wall:Cihla plná pálená 750mm:729120,37072.0,37072.0,0.0,0,14.17288,16.56147,26.27194,13.239603
501,4F_Hall_End_NW,37084.0,37092.0,8.0,0,14.14026,16.56145,26.23588,17.000443
501,4E_Evac_Arrow_1,37104.0,37108.0,4.0,0,14.11096,16.56136,26.19897,1.5405059
501,Wall_Part,37116.0,37116.0,0.0,0,14.08423,16.56134,26.15836,1.9982721
501,4E_Evac_Arrow_1,37128.0,37140.0,12.0,0,14.07197,16.56134,26.13809,1.5277239
501,Wall_Part,37148.0,37284.0,136.0,1,14.06073,16.56133,26.11836,1.0868869
501,4E_Evac_Arrow_1,37292.0,37292.0,0.0,0,14.05968,16.56159,26.1226,1.6088037
501,Wall_Part,37304.0,37348.0,44.0,0,14.05935,16.56156,26.12259,2.2587965
501,4F_Hall_End_NW,37360.0,37916.0,556.0,1,14.05745,16.56146,26.12254,16.831015
501,Wall_Part,37928.0,37948.0,20.0,0,12.88429,16.56081,26.12514,13.442734
501,4E_Window_3,37960.0,37960.0,0.0,0,12.86863,16.56082,26.02705,11.485499
501,Wall_Part,37972.0,38260.0,288.0,1,12.86549,16.56079,26.00254,9.428847
501,4E_Window_1,38268.0,38504.0,236.0,1,12.80815,16.55999,25.1034,3.1528149
501,3M_Obložení okno vnitřní rovné:Rámeček obrázku:729647,38516.0,38516.0,0.0,0,12.77129,16.56022,24.37862,2.5419028
501,5M_Obložení okno vnitřní rovné:Rámeček obrázku:729647,38516.0,38516.0,0.0,0,12.7699,16.56022,24.35366,2.5126631
501,1M_Obložení okno vnitřní rovné:Rámeček obrázku:729647,38524.0,38524.0,0.0,0,12.76859,16.56024,24.32867,2.5130744
501,9M_Obložení okno vnitřní rovné:Rámeček obrázku:729647,38536.0,38536.0,0.0,0,12.76727,16.56025,24.30369,2.5131466
501,Wall_Part,38548.0,38824.0,276.0,1,12.76594,16.56027,24.27871,2.4941971
501,4E_Window_2,38824.0,38836.0,12.0,0,12.71826,16.561,23.43125,5.358208
501,3M_Obložení okno vnitřní rovné:Rámeček obrázku:729651,38844.0,38844.0,0.0,0,12.71526,16.56112,23.38148,5.1227503
501,Wall_Part,38856.0,38992.0,136.0,1,12.71383,16.5612,23.35657,5.1315055
501,3M_Obložení okno vnitřní rovné:Rámeček obrázku:729651,39004.0,39004.0,0.0,0,12.69074,16.56159,22.91038,4.689885
501,4E_Window_2,39012.0,39024.0,12.0,0,12.69034,16.56158,22.88589,4.6840205
501,Wall_Part,39036.0,39056.0,20.0,0,12.69098,16.56161,22.81139,4.9623165
501,4F_Hall_End_NW,39068.0,39380.0,312.0,1,12.6929,16.56178,22.71154,13.437156
501,4F_Hall_End_Corner,39392.0,39404.0,12.0,0,12.73366,16.56266,21.73667,11.934258
501,4F_Medium_Plant_10,39416.0,39424.0,8.0,0,12.73552,16.56263,21.68643,11.3302765
501,4F_Hall_End_Corner,39436.0,39436.0,0.0,0,12.73876,16.56257,21.61123,11.710596
501,4F_Medium_Plant_10,39448.0,39448.0,0.0,0,12.73968,16.56254,21.58615,11.16126
501,4F_Hall_End_Corner,39460.0,39460.0,0.0,0,12.74201,16.5625,21.53611,11.744866
501,4F_Medium_Plant_10,39468.0,39468.0,0.0,0,12.74291,16.56243,21.511,10.278775
501,4F_Hall_End_Corner,39480.0,39516.0,36.0,0,12.74381,16.5624,21.48592,11.661393
501,4F_Hall_End_NE,39524.0,39524.0,0.0,0,12.75037,16.56226,21.33568,10.873187
501,4F_Hall_End_Corner,39536.0,39536.0,0.0,0,12.7514,16.56225,21.31056,11.376614
501,4F_Hall_End_NE,39548.0,39628.0,80.0,1,12.75235,16.56225,21.28551,10.327655
501,Basic Wall:Cihla plná pálená 750mm:729120,39636.0,39636.0,0.0,0,12.76393,16.56228,21.01036,7.2174234
501,4F_Hall_End_NE,39656.0,39668.0,12.0,0,12.76549,16.5623,20.96027,9.036723
501,Basic Wall:Cihla plná pálená 750mm:729120,39680.0,39700.0,20.0,0,12.7674,16.56237,20.88513,7.6915154
501,4E_Tree_2,39712.0,39932.0,220.0,1,12.76756,16.56248,20.785,2.050825
501,Basic Wall:Cihla plná pálená 750mm:729120,39944.0,40216.0,272.0,1,12.7288,16.56209,20.0851,3.8509398
501,sideDoorsNonSpecific,40224.0,40336.0,112.0,1,12.67794,16.56173,19.23482,4.5974016
501,Basic Wall:Cihla plná pálená 750mm:729120,40348.0,40356.0,8.0,0,12.65899,16.56159,18.88502,4.7508154
501,4F_Hall_End_NE,40372.0,40372.0,0.0,0,12.65501,16.56158,18.8102,7.4201937
501,4F_Hall_End_Corner,40380.0,40380.0,0.0,0,12.65378,16.56159,18.78527,9.042845
501,4F_Hall_End_NW,40392.0,41612.0,1220.0,1,12.65105,16.56164,18.73538,9.395601
501,Basic Wall:Cihla plná pálená 750mm:750090,41624.0,42012.0,388.0,1,12.55712,16.56104,15.04738,6.3642755
501,4F_Hall_End_NW,42024.0,43192.0,1168.0,1,12.74331,16.56108,13.869,4.9120274
501,Basic Wall:Cihla plná pálená 750mm:750090,43204.0,43216.0,12.0,0,13.16436,16.56129,12.10029,3.4134088
501,sideDoorsNonSpecific,43228.0,43228.0,0.0,0,13.16451,16.56116,12.10191,4.502823
501,Basic Wall:Cihla plná pálená 750mm:750090,43236.0,43260.0,24.0,0,13.16448,16.56109,12.10279,5.092115
501,Lamp,43268.0,43268.0,0.0,0,13.16468,16.56089,12.10531,6.45453
501,Basic Wall:Cihla plná pálená 750mm:750090,43280.0,43380.0,100.0,1,13.16474,16.56083,12.10612,7.1493635
501,4G_Bench_1,43392.0,43392.0,0.0,0,13.1648,16.56033,12.11217,10.269483
501,Basic Wall:Cihla plná pálená 750mm:750090,43404.0,43412.0,8.0,0,13.16458,16.56023,12.11263,13.976678
501,4G_Bench_1,43424.0,43436.0,12.0,0,13.16421,16.5601,12.11329,11.127523
501,Cube (110),43444.0,43444.0,0.0,0,13.16313,16.56,12.11427,17.215487
501,Cube (166),43460.0,43460.0,0.0,0,13.16294,16.55995,12.1147,16.957449
501,4G,43468.0,43468.0,0.0,0,13.16258,16.5599,12.11518,17.75881
501,4H,43480.0,43480.0,0.0,0,13.1624,16.55991,12.11562,19.094862
501,4G_Medium_Plant_4,43492.0,43500.0,8.0,0,13.16189,16.55995,12.11611,16.752148
501,Wall_Part,43512.0,43512.0,0.0,0,13.16134,16.56007,12.11694,13.70397
501,4G_Bars_Collider_Right,43524.0,43524.0,0.0,0,13.18336,16.56009,12.10546,17.694296
501,Wall_Part,43532.0,43548.0,16.0,0,13.22769,16.5601,12.08259,15.50652
501,4G_Bars_Collider_Right,43556.0,43588.0,32.0,0,13.27251,16.56002,12.06003,17.596273
501,4G_Medium_Plant_4,43600.0,43600.0,0.0,0,13.40646,16.55982,11.99162,16.4934
501,4G_Bars_Collider_Right,43612.0,43812.0,200.0,1,13.42878,16.55979,11.98016,17.454803
501,4G_Medium_Plant_4,43820.0,43820.0,0.0,0,13.99429,16.55926,11.7127,15.901897
501,4G_Bars_Collider_Right,43820.0,44900.0,1080.0,1,14.01749,16.55926,11.70338,16.849678
501,4K_Bars_Collider_right,44908.0,45164.0,256.0,1,17.1913,16.56277,11.10151,24.473925
501,4G_Bars_Collider,45176.0,45244.0,68.0,1,17.98841,16.56326,11.04262,12.933959
501,4K_Bars_Collider_right,45256.0,45412.0,156.0,1,18.21288,16.56337,11.02611,23.468136
501,4G_Bars_Collider_Right,45420.0,45556.0,136.0,1,18.71163,16.56355,10.99613,12.125681
501,4K_Bars_Collider_right,45564.0,45768.0,204.0,1,19.16205,16.56329,10.98714,22.498674
501,4G_Bars_Collider_Right,45776.0,45800.0,24.0,0,19.78744,16.56346,10.97716,11.052624
501,Wall_Part,45812.0,46036.0,224.0,1,19.88736,16.56352,10.97576,10.061392
501,4G_Window_1,46044.0,46044.0,0.0,0,20.58579,16.5629,10.96743,6.4871364
501,Wall_Part,46056.0,46056.0,0.0,0,20.61059,16.5629,10.96736,5.030199
501,4G_Window_1,46056.0,46056.0,0.0,0,20.63559,16.5629,10.96701,6.5472717
501,Wall_Part,46068.0,46288.0,220.0,1,20.66035,16.56289,10.96702,4.4198594
501,9M_Obložení okno vnitřní rovné:Rámeček obrázku:729623,46300.0,46300.0,0.0,0,21.35664,16.56345,10.96128,2.9234097
501,4G_Window_2,46312.0,46476.0,164.0,1,21.38147,16.56351,10.96109,2.9526198
501,2M_Obložení okno vnitřní rovné:Rámeček obrázku:729623,46488.0,46488.0,0.0,0,21.90506,16.56423,10.95505,2.5390518
501,5M_Obložení okno vnitřní rovné:Rámeček obrázku:729623,46500.0,46508.0,8.0,0,21.93007,16.56427,10.95464,2.5031981
501,Wall_Part,46520.0,46564.0,44.0,0,22.00517,16.56431,10.9533,2.472334
501,4G_Window_1,46576.0,46588.0,12.0,0,22.18073,16.5641,10.94994,5.1410236
501,Wall_Part,46596.0,46832.0,236.0,1,22.23098,16.564,10.9488,5.041891
501,4G_Bars_Collider_Right,46844.0,47564.0,720.0,1,22.98326,16.56391,10.93345,8.048028
501,4L_Hall_End,47576.0,47576.0,0.0,0,25.17728,16.56332,10.73882,33.486343
501,4K_Bars_Collider_right,47588.0,47588.0,0.0,0,25.20215,16.5633,10.73685,16.46551
501,4G_Bars_Collider,47600.0,47732.0,132.0,1,25.22708,16.56327,10.73494,5.6758947
501,4K_Bars_Collider_right,47744.0,48088.0,344.0,1,25.6754,16.56322,10.71093,16.026155
501,4G_Bars_Collider,48100.0,48100.0,0.0,0,26.72561,16.56285,10.74917,4.2067986
501,Basic Wall:Cihla plná pálená 750mm:754171,48100.0,48108.0,8.0,0,26.7506,16.56285,10.74974,13.520332
501,4G_Bars_Collider,48124.0,48124.0,0.0,0,26.80072,16.56279,10.75073,4.1300893
501,Switch,48132.0,48132.0,0.0,0,26.85069,16.56276,10.75151,12.057075
501,4G_Bars_Collider,48144.0,48344.0,200.0,1,26.87572,16.56275,10.75175,4.054248
501,Wall_Part,48356.0,48380.0,24.0,0,27.5001,16.56274,10.74473,10.763523
501,Basic Wall:Cihla plná pálená 750mm:754171,48388.0,48388.0,0.0,0,27.59997,16.56267,10.74174,10.682039
501,4G_Bars_Collider,48400.0,49056.0,656.0,1,27.62493,16.56264,10.74092,3.2657044
501,Column,49068.0,49364.0,296.0,1,29.65227,16.56034,10.64427,5.1375566
501,4K_Evac_Plan,49376.0,49388.0,12.0,0,30.57698,16.55974,10.59412,4.659563
501,Wall_Part,49388.0,49708.0,320.0,1,30.61934,16.55976,10.59132,7.771685
501,Basic Wall:Cihla plná pálená 750mm:754171,49724.0,49744.0,20.0,0,31.53852,16.56004,10.54607,8.740181
501,4K_Bars_Collider_right,49756.0,49820.0,64.0,1,31.63762,16.56003,10.54768,10.0874195
501,4L_Trash_Can,49832.0,49832.0,0.0,0,31.63376,16.56012,10.55,26.709106
501,Wall_Part,49844.0,49844.0,0.0,0,31.63313,16.56012,10.5503,23.21419
501,4L_Window_4,49852.0,49852.0,0.0,0,31.63238,16.56009,10.55053,22.281374
501,4K_Bars_Collider,49864.0,49876.0,12.0,0,31.63149,16.56009,10.55072,9.565264
501,Wall_Part,49888.0,49900.0,12.0,0,31.62953,16.56003,10.55101,7.7939415
501,TV,49912.0,49912.0,0.0,0,31.6276,16.55995,10.55157,4.501099
501,Wall_Part,49924.0,49956.0,32.0,0,31.62668,16.55991,10.55191,3.7470539
501,sideDoorsNonSpecific,49964.0,49968.0,4.0,0,31.62259,16.55998,10.55292,5.767481
501,Wall_Part,49976.0,50252.0,276.0,1,31.62135,16.55996,10.55288,5.949728
501,sideDoorsNonSpecific,50264.0,50264.0,0.0,0,31.61432,16.55955,10.55064,5.6250134
501,Wall_Part,50276.0,50608.0,332.0,1,31.61452,16.55955,10.55054,4.9233637
501,4I_Bars_Collider,50620.0,50952.0,332.0,1,31.61775,16.56036,10.5447,14.535415
501,Wall_Part,50964.0,51088.0,124.0,1,31.89913,16.56024,10.89809,14.083534
501,4I_Bars_Collider,51100.0,51108.0,8.0,0,32.14306,16.56,11.21493,13.748986
501,4I_Closing_Bars,51120.0,51120.0,0.0,0,32.18827,16.56001,11.27476,13.632169
501,Wall_Part,51132.0,51364.0,232.0,1,32.20325,16.56,11.29477,13.143256
501,sideDoorsNonSpecific,51376.0,51388.0,12.0,0,32.84123,16.56014,11.17812,11.839138
501,Wall_Part,51396.0,51396.0,0.0,0,32.884,16.56012,11.15278,11.330335
501,sideDoorsNonSpecific,51408.0,51432.0,24.0,0,32.92694,16.5601,11.12748,11.592932
501,Wall_Part,51432.0,51440.0,8.0,0,32.99133,16.56007,11.08948,13.046374
501,4I_Bars_Collider,51452.0,51552.0,100.0,1,33.03417,16.56009,11.06411,13.881302
501,Wall_Part,51564.0,51664.0,100.0,1,33.3135,16.56032,10.89928,13.682704
501,sideDoorsNonSpecific,51676.0,51676.0,0.0,0,33.35467,16.56032,10.86861,5.122694
501,Wall_Part,51684.0,51684.0,0.0,0,33.35447,16.56033,10.86785,5.435679
501,sideDoorsNonSpecific,51700.0,51700.0,0.0,0,33.35427,16.56031,10.86677,4.3873873
501,Wall_Part,51708.0,51884.0,176.0,1,33.35409,16.56034,10.86519,4.015823
501,sideDoorsNonSpecific,51896.0,52068.0,172.0,1,33.35437,16.56066,10.8603,4.3273234
501,Wall_Part,52076.0,52352.0,276.0,1,33.35722,16.56105,10.91063,5.410883
501,sideDoorsNonSpecific,52364.0,52364.0,0.0,0,33.40892,16.56093,11.76128,11.738844
501,4I_Bars_Collider,52372.0,52372.0,0.0,0,33.41207,16.56093,11.81128,13.086082
501,4I_Closing_Bars,52384.0,52552.0,168.0,1,33.41375,16.56094,11.83629,13.043012
501,4I_Bars_Collider,52564.0,52964.0,400.0,1,33.44053,16.56084,12.3599,12.503463
501,4I_Closing_Bars,52972.0,52996.0,24.0,0,33.42647,16.56098,13.60766,11.268982
501,4I_Bars_Collider,53008.0,53352.0,344.0,1,33.42451,16.56096,13.70744,11.106469
501,4I_Closing_Bars,53364.0,53508.0,144.0,1,33.39845,16.56135,14.75562,10.10024
501,sideDoorsNonSpecific,53520.0,53520.0,0.0,0,33.37615,16.56106,15.2305,14.131439
501,4I_Bars_Collider,53532.0,53540.0,8.0,0,33.37499,16.56105,15.25548,9.662552
501,Wall_Part,53552.0,54296.0,744.0,1,33.37157,16.56103,15.33035,6.532832
501,4J_Medium_Plant_2,54296.0,54584.0,288.0,1,33.08224,16.56014,17.52514,4.4812326
501,4J_Window_Collider,54596.0,54716.0,120.0,1,32.57913,16.5598,18.22267,4.2057753
501,Wall_Part,54728.0,54804.0,76.0,1,32.25825,16.55968,18.44772,1.8405578
501,4J_WhiteBoard_Elevator_OOS,54808.0,54816.0,8.0,0,32.02978,16.55982,18.54476,2.3384135
501,Wall_Part,54828.0,54884.0,56.0,1,31.98355,16.55985,18.56363,2.7101698
501,4J_Window_Collider,54896.0,55008.0,112.0,1,31.79804,16.55976,18.6362,3.3464816
501,Wall_Part,55020.0,55040.0,20.0,0,31.63597,16.5596,18.69711,3.1084795
501,4J_WhiteBoard_Elevator_OOS,55052.0,55064.0,12.0,0,31.63768,16.55941,18.6977,2.149392
501,Door_1,55076.0,55076.0,0.0,0,31.6509,16.55925,18.74653,1.9419973
501,Door_2,55076.0,55076.0,0.0,0,31.6563,16.55925,18.77094,1.9502758
501,Wall_Part,55084.0,55228.0,144.0,1,31.66232,16.55915,18.79548,1.412669
501,Door_1,55240.0,55252.0,12.0,0,31.69813,16.55891,19.24591,1.8848121
501,4J_WhiteBoard_Elevator_OOS,55260.0,55396.0,136.0,1,31.69738,16.55881,19.32148,2.2093515
501,Door_1,55408.0,55584.0,176.0,1,31.63223,16.55839,19.71406,2.3475842
501,4J_WhiteBoard_Elevator_OOS,55596.0,55672.0,76.0,1,31.58519,16.55807,19.71723,2.402914
501,Wall_Part,55684.0,55716.0,32.0,0,31.39949,16.55796,19.64104,2.4655352
501,4J_WhiteBoard_Elevator_OOS,55728.0,55792.0,64.0,1,31.28359,16.55794,19.59325,2.3359191
501,Wall_Part,55804.0,55884.0,80.0,1,31.07538,16.55784,19.50658,2.1191587
501,4J_WhiteBoard_Elevator_OOS,55892.0,56060.0,168.0,1,30.82124,16.55698,19.39985,1.7889535
501,Door_1,56072.0,56128.0,56.0,1,30.57245,16.55351,19.29213,1.2987891
501,Wall_Part,56140.0,56328.0,188.0,1,30.57827,16.55233,19.29869,1.0184947
501,Door_1,56340.0,56452.0,112.0,1,30.57721,16.55129,19.30779,1.1339111
501,4J_WhiteBoard_Elevator_OOS,56460.0,56484.0,24.0,0,30.57182,16.55116,19.30287,1.3157454
501,Door_1,56496.0,56508.0,12.0,0,30.57088,16.55113,19.30312,1.3411134
501,4J_WhiteBoard_Elevator_OOS,56516.0,56852.0,336.0,1,30.57046,16.55112,19.30355,1.2945124
501,Door_1,56860.0,56892.0,32.0,0,30.57131,16.55168,19.30757,1.3006767
501,Wall_Part,56904.0,57684.0,780.0,1,30.57195,16.55172,19.31502,1.0094687
501,sideDoorsNonSpecific,57692.0,57708.0,16.0,0,31.6177,16.55623,18.68005,4.636297
501,Wall_Part,57716.0,57748.0,32.0,0,31.6786,16.55661,18.64579,5.1745863
501,Railing,57764.0,57764.0,0.0,0,31.76339,16.55726,18.55251,10.604172
501,Wall_Part,57772.0,57796.0,24.0,0,31.77934,16.55737,18.53246,15.925
501,Column,57804.0,57808.0,4.0,0,31.84065,16.55786,18.44989,9.633198
501,Rail,57816.0,57816.0,0.0,0,31.86741,16.558,18.4062,11.964717
501,Wall_Part,57828.0,57840.0,12.0,0,31.87956,16.55812,18.38306,18.376984
501,4O_Glass_Doors_Collider,57852.0,57852.0,0.0,0,31.90807,16.55824,18.31147,18.79529
501,Wall_Part,57860.0,57860.0,0.0,0,31.91569,16.55833,18.2865,17.924633
501,sideDoorsNonSpecific,57872.0,57872.0,0.0,0,31.92141,16.55842,18.26113,2.706734
501,Wall_Part,57884.0,58052.0,168.0,1,31.92895,16.55849,18.21074,2.0161386
501,sideDoorsNonSpecific,58060.0,58060.0,0.0,0,31.89595,16.55843,17.68399,1.9160231
501,Wall_Part,58072.0,58072.0,0.0,0,31.8937,16.55832,17.65895,3.7585824
501,Basic Wall:Cihla plná pálená 750mm:750090,58084.0,58116.0,32.0,0,31.88915,16.55827,17.609,8.346339
501,Wall_Part,58128.0,58140.0,12.0,0,31.87817,16.5579,17.48385,8.407934
501,Basic Wall:Cihla plná pálená 750mm:750090,58140.0,58148.0,8.0,0,31.8738,16.55784,17.43389,8.165115
501,Railing,58160.0,58160.0,0.0,0,31.86974,16.55777,17.38385,10.751832
501,Wall_Part,58172.0,58196.0,24.0,0,31.86808,16.55774,17.35883,16.9687
501,4O_Glass_Doors_Collider,58204.0,58252.0,48.0,0,31.86348,16.55756,17.259,17.712013
501,Wall_Part,58260.0,58416.0,156.0,1,31.86742,16.55752,17.08473,16.816454
501,4O_Glass_Doors_Collider,58428.0,58716.0,288.0,1,31.92838,16.55766,16.58924,17.09923
501,Wall_Part,58728.0,58728.0,0.0,0,32.0485,16.55751,15.6971,15.53977
501,Column,58740.0,59092.0,352.0,1,32.05188,16.55752,15.67233,12.085644
501,Wall_Part,59104.0,59348.0,244.0,1,32.19605,16.55742,14.58158,14.670557
501,4O_Glass_Doors_Collider,59360.0,59540.0,180.0,1,32.2681,16.55696,13.80957,14.621339
501,Floor:Podlaha dlažba 100mm:882128,59548.0,59828.0,280.0,1,32.31409,16.55612,13.23591,14.0846
501,4O,59836.0,60284.0,448.0,1,32.38099,16.55443,12.38668,11.902197
501,Wall_Part,60292.0,61572.0,1280.0,1,32.48822,16.55345,11.01499,11.466923
501,Cube (188),61580.0,61616.0,36.0,0,32.83618,15.95063,7.421055,7.887105
501,Wall_Part,61616.0,61684.0,68.0,1,32.85476,15.91683,7.331318,7.783957
501,Cube (188),61692.0,61692.0,0.0,0,32.87392,15.86201,7.118682,7.5842347
501,4O,61704.0,61748.0,44.0,0,32.87665,15.84244,7.100875,7.455939
501,Cube (188),61748.0,61772.0,24.0,0,32.90037,15.76162,7.00807,7.451251
501,Wall_Part,61780.0,62892.0,1112.0,1,32.90635,15.76202,6.933917,7.394374
501,Radiator_ET,62904.0,62924.0,20.0,0,33.35864,14.51467,4.179361,4.999262
501,Cube (191),62936.0,62936.0,0.0,0,33.38385,14.51027,4.083627,5.2953362
501,Floor:Podlaha dlažba 100mm:882128,62948.0,62956.0,8.0,0,33.39087,14.50372,4.060386,5.4590764
501,Cube (190),62968.0,62968.0,0.0,0,33.41463,14.46758,3.996986,5.8313966
501,4P,62980.0,62980.0,0.0,0,33.42384,14.45059,3.979371,5.66281
501,Cube (190),62992.0,62992.0,0.0,0,33.44565,14.4112,3.951144,5.701889
501,4P,63004.0,63248.0,244.0,1,33.45929,14.39001,3.941293,5.601605
501,Cube (193),63260.0,63368.0,108.0,1,33.85888,14.19774,3.396751,5.1183944
501,Wall_Part,63380.0,63716.0,336.0,1,34.11434,14.05706,3.249084,4.300474
501,Railing,63724.0,63792.0,68.0,1,35.04948,14.05457,2.95693,4.961369
501,Wall_Part,63804.0,63824.0,20.0,0,35.25977,14.05403,3.013825,5.9123745
501,3L_Hallway_Door,63836.0,63860.0,24.0,0,35.3517,14.05361,3.048723,8.0957575
501,3L_objectCluster,63868.0,63868.0,0.0,0,35.44,14.05301,3.086706,10.22108
501,3K,63880.0,63948.0,68.0,1,35.46121,14.05285,3.097273,10.041597
501,3K_Display_Case,63956.0,63956.0,0.0,0,35.65622,14.05193,3.239701,9.874427
501,3K,63968.0,64000.0,32.0,0,35.67399,14.05184,3.256667,9.835627
501,3K_Display_Case,64012.0,64012.0,0.0,0,35.75855,14.05138,3.345106,9.748309
501,3K,64024.0,64048.0,24.0,0,35.78977,14.05124,3.383006,9.719613
501,Glass,64056.0,64056.0,0.0,0,35.84742,14.03992,3.46025,9.745345
501,3K,64068.0,64080.0,12.0,0,35.86131,14.03891,3.479224,9.790333
501,Plastic,64092.0,64092.0,0.0,0,35.89845,14.0388,3.542713,9.648396
501,3K,64104.0,64124.0,20.0,0,35.91016,14.03867,3.564298,9.566371
501,3K_Display_Case,64132.0,64180.0,48.0,0,35.95419,14.03858,3.65481,9.38157
501,Wall_Part,64188.0,64200.0,12.0,0,36.03217,14.02487,3.812469,9.681205
501,3K_Display_Case,64212.0,64212.0,0.0,0,36.05671,14.00347,3.853025,9.049986
501,Wall_Part,64224.0,64224.0,0.0,0,36.06988,13.98957,3.871113,9.58676
501,3K_Display_Case,64236.0,64800.0,564.0,1,36.09803,13.95709,3.901388,8.959088
501,3H,64812.0,64816.0,4.0,0,36.86237,13.44799,5.193806,8.548513
501,3I,64824.0,64836.0,12.0,0,36.86659,13.43011,5.241216,8.959778
501,3H,64848.0,64912.0,64.0,1,36.87102,13.40001,5.283396,8.681037
501,3I,64924.0,65004.0,80.0,1,36.8943,13.30634,5.464613,8.544239
501,3H,65016.0,65016.0,0.0,0,36.92609,13.16462,5.68879,8.073955
501,Plastic,65024.0,65080.0,56.0,1,36.93666,13.15946,5.720618,7.534282
501,Glass,65092.0,65280.0,188.0,1,36.96052,13.14662,5.918503,7.2588882
501,3K,65280.0,65312.0,32.0,0,37.05441,12.89391,6.378448,7.0000453
501,3K_Display_Case,65324.0,65412.0,88.0,1,37.07702,12.86545,6.443233,6.5778008
501,Glass,65420.0,65420.0,0.0,0,37.12227,12.74763,6.72266,6.5286427
501,3K,65436.0,65436.0,0.0,0,37.12626,12.71972,6.731316,6.5649724
501,3H,65448.0,65468.0,20.0,0,37.12971,12.71918,6.735787,6.6422877
501,Column,65480.0,65612.0,132.0,1,37.12619,12.71958,6.8262,3.2746015
501,3G_Hallway_Door,65620.0,65712.0,92.0,1,36.89674,12.57374,7.07939,6.9193335
501,Column,65724.0,65912.0,188.0,1,36.70786,12.55156,7.304596,2.5540452
501,3K_Evac_Plan,65924.0,65924.0,0.0,0,36.32851,12.38494,7.698718,2.143489
501,3I,65936.0,66344.0,408.0,1,36.30905,12.34978,7.734128,7.145234
501,3G_Hallway_Door,66356.0,66364.0,8.0,0,36.04094,11.92334,8.767546,5.650545
501,Column,66380.0,66892.0,512.0,1,36.00432,11.86779,8.801755,0.99973166
501,3K_Evac_Plan,66900.0,67124.0,224.0,1,35.46491,11.6793,9.402933,0.29609776
501,Wall_Part,67124.0,67212.0,88.0,1,34.91059,11.55245,9.577643,4.0445604
501,Railing,67224.0,67256.0,32.0,0,34.63806,11.55236,9.572536,3.991718
501,Wall_Part,67268.0,67368.0,100.0,1,34.49302,11.55235,9.542766,4.251758
501,Cube (195),67380.0,67380.0,0.0,0,34.20547,11.55124,9.407775,10.134981
501,3O,67388.0,67424.0,36.0,0,34.18579,11.55109,9.393596,9.91108
501,3S,67436.0,67436.0,0.0,0,34.0803,11.54606,9.293912,9.837622
501,Cube (228),67444.0,67488.0,44.0,0,34.0656,11.546,9.274498,9.718168
501,Wall_Part,67492.0,67492.0,0.0,0,33.98764,11.54587,9.146623,9.580104
501,Cube (228),67500.0,67512.0,12.0,0,33.97474,11.54579,9.125076,9.559819
501,Wall_Part,67516.0,67548.0,32.0,0,33.949,11.54579,9.082185,9.520982
501,Cube (201),67556.0,67556.0,0.0,0,33.89858,11.54564,8.996161,9.630002
501,3S,67556.0,67676.0,120.0,1,33.8867,11.54564,8.974167,9.860926
501,3S_Hallway_Door_Bridge_Collider,67688.0,68212.0,524.0,1,33.70713,11.54382,8.642922,12.332621
501,3M_Obložení okno vnitřní rovné:Rámeček obrázku:960943,68220.0,68224.0,4.0,0,32.88587,11.04638,7.500546,10.106339
501,3O_Evac_Arrow_1,68236.0,68236.0,0.0,0,32.86727,11.01205,7.465953,7.408753
501,Wall_Part,68244.0,68456.0,212.0,1,32.85693,10.99155,7.452367,7.584217
501,3O_Evac_Arrow_1,68468.0,68488.0,20.0,0,32.73086,10.77964,6.904825,6.9095225
501,Wall_Part,68500.0,68512.0,12.0,0,32.72009,10.74332,6.810969,6.804015
501,3O_Window_Left,68524.0,68532.0,8.0,0,32.71353,10.7073,6.772811,9.381464
501,Wall_Part,68544.0,68588.0,44.0,0,32.69922,10.63284,6.734723,6.942627
501,3O_Window_Left,68600.0,68644.0,44.0,0,32.67559,10.62816,6.57931,9.215493
501,3M_Obložení okno vnitřní rovné:Rámeček obrázku:960943,68656.0,68656.0,0.0,0,32.65959,10.57347,6.440712,9.061471
501,5M_Obložení okno vnitřní rovné:Rámeček obrázku:960943,68668.0,68668.0,0.0,0,32.65237,10.53197,6.40731,9.023981
501,3O_Window_Left,68676.0,68676.0,0.0,0,32.64738,10.50719,6.394888,9.026054
501,Wall_Part,68688.0,68700.0,12.0,0,32.64213,10.47899,6.385596,6.919316
501,3O_Evac_Arrow_1,68712.0,68732.0,20.0,0,32.63243,10.47546,6.330393,6.2487073
501,Wall_Part,68744.0,68932.0,188.0,1,32.63042,10.4756,6.231143,6.3319073
501,3O_Evac_Arrow_1,68944.0,69000.0,56.0,1,32.67757,10.2482,5.727819,5.7009873
501,Wall_Part,69012.0,69024.0,12.0,0,32.71565,10.16988,5.585443,5.5692577
501,3O_Evac_Arrow_1,69024.0,69088.0,64.0,1,32.72142,10.16994,5.535783,5.505969
501,Wall_Part,69100.0,69100.0,0.0,0,32.75379,10.05098,5.35065,5.2656565
501,3O_Evac_Arrow_1,69112.0,69156.0,44.0,0,32.76079,10.02398,5.34098,5.1928706
501,Wall_Part,69168.0,69232.0,64.0,1,32.78825,10.01735,5.185895,5.0489187
501,3O_Evac_Arrow_1,69244.0,69388.0,144.0,1,32.82127,9.89817,5.001105,4.815155
501,Wall_Part,69400.0,69876.0,476.0,1,32.92923,9.711649,4.63882,4.584358
501,3P_Window,69888.0,69900.0,12.0,0,33.57745,9.254579,3.590431,5.351546
501,Wall_Part,69908.0,70532.0,624.0,1,33.62299,9.254547,3.531583,5.358861
501,2L_Hallway_Door,70548.0,70776.0,228.0,1,35.30584,9.10502,3.124289,7.469431
501,Wall_Part,70788.0,70808.0,20.0,0,35.89991,9.090689,3.526989,9.877232
501,2K_Brno_Sat,70824.0,70908.0,84.0,1,35.9688,9.090386,3.596868,9.627809
501,Wall_Part,70924.0,71044.0,120.0,1,36.14026,9.055264,3.82931,9.2698765
501,2K_Brno_Sat,71056.0,71108.0,52.0,1,36.29786,8.938576,4.144521,8.927933
501,Wall_Part,71120.0,71288.0,168.0,1,36.38844,8.806515,4.26976,8.820876
501,2L_Hallway_Door,71300.0,71308.0,8.0,0,36.59287,8.662066,4.719985,5.4375887
501,Wall_Part,71320.0,71320.0,0.0,0,36.60873,8.662004,4.767827,5.213013
501,3Q_Evac_Arrow_1,71332.0,71344.0,12.0,0,36.61673,8.661579,4.791769,4.5560803
501,Wall_Part,71356.0,71576.0,220.0,1,36.64079,8.644222,4.86174,4.375846
501,3Q_Evac_Arrow_1,71588.0,71588.0,0.0,0,36.90632,8.372499,5.393814,3.8435848
501,Wall_Part,71596.0,71620.0,24.0,0,36.91331,8.37246,5.417934,3.6187098
501,3Q_Evac_Arrow_1,71632.0,71656.0,24.0,0,36.94101,8.369311,5.514256,3.7146335
501,Wall_Part,71664.0,71688.0,24.0,0,36.97898,8.313011,5.621383,3.4715276
501,3Q_Evac_Arrow_1,71700.0,71740.0,40.0,0,37.00841,8.249878,5.663223,3.5626147
501,Wall_Part,71756.0,71776.0,20.0,0,37.05181,8.227817,5.818385,3.864355
501,2L_Hallway_Door,71788.0,71820.0,32.0,0,37.06926,8.207788,5.915053,4.589821
501,Wall_Part,71828.0,71828.0,0.0,0,37.1003,8.091544,6.017687,3.7855432
501,3Q_Evac_Arrow_1,71840.0,71932.0,92.0,1,37.10905,8.083487,6.025288,3.5227544
501,Wall_Part,71940.0,72020.0,80.0,1,37.14561,8.030727,6.313564,2.6977496
501,3Q_Evac_Arrow_1,72028.0,72084.0,56.0,1,37.18233,7.939904,6.519653,2.649785
501,2L_Hallway_Door,72096.0,72096.0,0.0,0,37.20086,7.849865,6.694822,3.7906473
501,3Q_Evac_Arrow_1,72108.0,72108.0,0.0,0,37.20522,7.797818,6.719068,2.7041953
501,Wall_Part,72120.0,72132.0,12.0,0,37.20823,7.796216,6.726079,2.8999414
501,2L_Hallway_Door,72132.0,72208.0,76.0,1,37.20814,7.796191,6.775948,3.720179
501,Wall_Part,72220.0,72232.0,12.0,0,37.19084,7.741525,7.013926,6.03954
501,2K_Brno_Sat,72240.0,72252.0,12.0,0,37.17333,7.676674,7.059663,5.7305655
501,Wall_Part,72264.0,72288.0,24.0,0,37.16078,7.652706,7.093719,5.9017496
501,2I,72300.0,72300.0,0.0,0,37.14479,7.653045,7.192386,11.677715
501,Wall_Part,72308.0,72464.0,156.0,1,37.1369,7.652537,7.241687,12.609455
501,2J,72476.0,72476.0,0.0,0,37.00558,7.490315,7.661517,13.096607
501,Wall_Part,72484.0,72564.0,80.0,1,36.99924,7.478168,7.683308,5.527037
501,2K_2NP_Board,72576.0,73452.0,876.0,1,36.9146,7.366833,7.890812,4.995113
501,2K_Evac_Light,73464.0,73464.0,0.0,0,36.18102,6.673072,9.750466,3.0584815
501,2K_2NP_Board,73476.0,73644.0,168.0,1,36.18135,6.673377,9.750305,3.100603
501,2K_Evac_Light,73652.0,73652.0,0.0,0,36.18441,6.675904,9.747029,3.0778117
501,2K_2NP_Board,73664.0,73688.0,24.0,0,36.18427,6.675953,9.746869,3.0781264
501,2K_Evac_Light,73696.0,73700.0,4.0,0,36.18467,6.675881,9.746694,3.058048
501,2K_2NP_Board,73708.0,74008.0,300.0,1,36.18528,6.675753,9.74679,3.109239
501,Wall_Part,74020.0,74044.0,24.0,0,36.1781,6.671327,9.748416,8.970481
501,sideDoorsNonSpecific,74052.0,74064.0,12.0,0,36.16874,6.670035,9.772068,7.3123026
501,Wall_Part,74076.0,74308.0,232.0,1,36.14546,6.669297,9.843601,6.577556
501,2G_Hallway_Door,74320.0,74320.0,0.0,0,35.88427,6.66127,10.51604,4.963364
501,Wall_Part,74332.0,74332.0,0.0,0,35.87382,6.660817,10.5378,8.487354
501,2G_objectCluster,74344.0,74344.0,0.0,0,35.85143,6.660357,10.58087,9.222641
501,2G_Hallway_Door,74352.0,74396.0,44.0,0,35.84061,6.659876,10.60151,4.64855
501,Wall_Part,74408.0,74420.0,12.0,0,35.73892,6.658454,10.72703,4.4309444
501,Railing,74432.0,74432.0,0.0,0,35.7053,6.658052,10.7548,4.7684793
501,Wall_Part,74440.0,74484.0,44.0,0,35.6632,6.657784,10.77446,5.046558
501,2K_Evac_Plan,74500.0,74740.0,240.0,1,35.53072,6.656857,10.80232,1.7170397
501,Wall_Part,74752.0,74932.0,180.0,1,34.87655,6.655009,10.46135,10.680592
501,9Wall_Part,74932.0,74932.0,0.0,0,34.47633,6.653335,10.08207,10.603727
501,Wall_Part,74940.0,74956.0,16.0,0,34.45898,6.653223,10.06384,10.664575
501,2S_Tree_3,74964.0,75052.0,88.0,1,34.40756,6.652975,10.00918,12.788056
501,Wall_Part,75064.0,75108.0,44.0,0,34.38737,6.651795,9.991838,10.825102
501,2S_Tree_3,75120.0,75152.0,32.0,0,34.27354,6.651475,9.857781,12.620332
501,2S_Bench,75164.0,75432.0,268.0,1,34.19373,6.651249,9.762112,12.456228
501,2S_Wall,75444.0,75444.0,0.0,0,33.70695,6.652627,9.070738,8.990025
501,2S_Bench,75452.0,75664.0,212.0,1,33.695,6.652557,9.048802,11.622234
501,2S_Wall,75676.0,75864.0,188.0,1,33.36702,6.568387,8.481615,8.3260565
501,Wall_Part,75876.0,75888.0,12.0,0,33.073,6.3898,8.04147,7.995296
501,2O_Evac_Arrow_2,75900.0,75932.0,32.0,0,33.05619,6.389797,7.995503,7.8368535
501,Wall_Part,75932.0,75952.0,20.0,0,33.01873,6.375703,7.879372,7.9623866
501,Column,75964.0,76020.0,56.0,1,32.99727,6.335722,7.819039,4.6788397
501,Wall_Part,76028.0,76028.0,0.0,0,32.94173,6.258817,7.668194,7.923586
501,Column,76044.0,76084.0,40.0,0,32.93203,6.258883,7.619502,4.625982
501,Wall_Part,76096.0,76172.0,76.0,1,32.90519,6.212816,7.483549,7.7519484
501,2O_Evac_Arrow_2,76188.0,76208.0,20.0,0,32.8734,6.128609,7.24902,7.1455374
501,Wall_Part,76220.0,76232.0,12.0,0,32.86391,6.09682,7.154633,7.23923
501,2O_Evac_Arrow_2,76232.0,76260.0,28.0,0,32.85956,6.06274,7.114931,7.0398827
501,Wall_Part,76276.0,76384.0,108.0,1,32.84819,5.998452,7.049065,6.925768
501,2O_Evac_Arrow_2,76396.0,76396.0,0.0,0,32.84308,5.868042,6.726737,6.52751
501,Wall_Part,76396.0,76540.0,144.0,1,32.8437,5.868042,6.701744,6.651842
501,2S_Wall,76552.0,76684.0,132.0,1,32.85209,5.738138,6.302037,6.1361327
501,Wall_Part,76696.0,76740.0,44.0,0,32.86122,5.607807,5.926664,5.7888913
501,2S_Wall,76752.0,76832.0,80.0,1,32.86498,5.573592,5.756419,5.5978265
501,2O_Evac_Arrow_2,76844.0,76952.0,108.0,1,32.87307,5.477115,5.526826,5.2705526
501,Wall_Part,76964.0,77064.0,100.0,1,32.88768,5.34614,5.229832,5.386842
501,9M_Obložení okno vnitřní rovné:Rámeček obrázku:961250,77072.0,77072.0,0.0,0,32.9604,5.215261,4.937364,5.533642
501,2P_Window,77084.0,77116.0,32.0,0,32.96638,5.215317,4.913557,6.5075035
501,Wall_Part,77132.0,77428.0,296.0,1,33.00233,5.213353,4.794969,5.3074512
501,2P_Small_Plant_2,77440.0,77496.0,56.0,1,33.38779,4.938192,4.046499,5.310312
501,2P_Window,77508.0,77664.0,156.0,1,33.4927,4.822014,3.931036,5.7743735
501,Wall_Part,77672.0,77896.0,224.0,1,33.74753,4.690731,3.559218,5.2220855
501,Column,77908.0,78064.0,156.0,1,34.18119,4.554871,3.100815,0.98347
501,Wall_Part,78072.0,78284.0,212.0,1,34.65298,4.554611,3.013759,4.506394
501,Railing,78300.0,78308.0,8.0,0,35.29807,4.553472,3.034946,4.4957023
501,Wall_Part,78320.0,78372.0,52.0,1,35.36848,4.553256,3.044622,5.6364565
501,Radiator_ET,78388.0,78472.0,84.0,1,35.54098,4.552673,3.127086,10.173042
501,sideDoorsNonSpecific,78484.0,78572.0,88.0,1,35.76463,4.55231,3.316647,9.783765
501,Wall_Part,78584.0,78584.0,0.0,0,35.94605,4.539054,3.551765,9.5641
501,Radiator_ET,78596.0,78668.0,72.0,1,35.96099,4.539036,3.571872,9.4378395
501,Wall_Part,78684.0,78804.0,120.0,1,36.11033,4.534713,3.772625,9.291912
501,sideDoorsNonSpecific,78816.0,79040.0,224.0,1,36.38906,4.416401,4.039294,8.64545
501,Wall_Part,79052.0,79172.0,120.0,1,36.73112,4.228706,4.574326,8.072967
501,sideDoorsNonSpecific,79184.0,79460.0,276.0,1,36.86262,4.117034,4.912619,7.702728
501,Door_Number_Sign,79472.0,79484.0,12.0,0,37.13611,3.866792,5.614564,6.9716263
501,sideDoorsNonSpecific,79496.0,79584.0,88.0,1,37.16246,3.803293,5.65618,6.9506507
501,Wall_Part,79596.0,79604.0,8.0,0,37.20638,3.760008,5.94359,6.799323
501,1K_1NP_Board,79620.0,79684.0,64.0,1,37.21849,3.698942,5.993964,6.9489036
501,Wall_Part,79696.0,79716.0,20.0,0,37.23467,3.677297,6.203177,7.095372
501,1K_1NP_Board,79728.0,80196.0,468.0,1,37.23197,3.633503,6.294872,6.978031
501,Wall_Part,80204.0,80260.0,56.0,1,37.12411,3.18954,7.527029,5.8688025
501,Elec_Closet,80272.0,80308.0,36.0,0,37.07563,3.128735,7.706373,9.477373
501,Desk1,80316.0,80428.0,112.0,1,37.00982,3.066627,7.799726,7.1023273
501,sideDoorsNonSpecific,80440.0,80448.0,8.0,0,36.85433,2.97081,8.082559,6.3165164
501,Desk1,80460.0,80540.0,80.0,1,36.80898,2.943721,8.122203,6.2959485
501,Elec_Closet,80548.0,80860.0,312.0,1,36.69169,2.914592,8.367675,7.9718833
501,Wall_Part,80872.0,80872.0,0.0,0,36.24652,2.642648,9.109281,4.109033
501,1K_1NP_Board,80872.0,82284.0,1412.0,1,36.23323,2.625966,9.124327,3.99464
501,sideDoorsNonSpecific,82292.0,82292.0,0.0,0,35.66035,2.476486,10.35103,2.861155
501,Elec_Closet,82304.0,82304.0,0.0,0,35.66145,2.476337,10.35149,5.726032
501,Desk1,82316.0,82328.0,12.0,0,35.6627,2.476194,10.35205,4.112672
501,sideDoorsNonSpecific,82340.0,82340.0,0.0,0,35.66444,2.475768,10.35283,3.935336
501,Wall_Part,82348.0,82372.0,24.0,0,35.66569,2.475459,10.35343,4.3349147
501,sideDoorsNonSpecific,82384.0,82452.0,68.0,1,35.669,2.474888,10.35504,4.42043
501,Wall_Part,82460.0,82772.0,312.0,1,35.67816,2.47374,10.36091,4.126061
501,Railing_2,82784.0,82784.0,0.0,0,35.68711,2.467794,10.36798,4.557881
501,Wall_Part,82796.0,82796.0,0.0,0,35.68704,2.46749,10.36772,4.626794
501,Railing_2,82804.0,82804.0,0.0,0,35.68697,2.467207,10.36745,4.588106
501,Wall_Part,82816.0,82816.0,0.0,0,35.6869,2.466894,10.3672,4.626903
501,Railing_2,82828.0,82828.0,0.0,0,35.68681,2.466548,10.36697,4.567505
501,Wall_Part,82836.0,83104.0,268.0,1,35.68676,2.466208,10.36678,4.5970173
501,sideDoorsNonSpecific,83116.0,83148.0,32.0,0,35.67591,2.462391,10.36139,4.268183
501,Wall_Part,83160.0,83284.0,124.0,1,35.67525,2.46157,10.36327,4.587127
501,sideDoorsNonSpecific,83292.0,83804.0,512.0,1,35.67396,2.459505,10.36835,4.509257
501,Wall_Part,83816.0,83872.0,56.0,1,34.44669,2.458459,10.74245,3.3125129
501,sideDoorsNonSpecific,83884.0,83884.0,0.0,0,34.27031,2.458447,10.84334,2.5724337
501,Desk1,83892.0,83904.0,12.0,0,34.24912,2.45838,10.85826,2.5819478
501,Elec_Closet,83916.0,83928.0,12.0,0,34.19378,2.458324,10.91152,4.7742558
501,Cube (287),83940.0,83940.0,0.0,0,34.16222,2.458382,10.95232,6.159322
501,1I,83948.0,83964.0,16.0,0,34.13912,2.458403,10.99727,6.5010076
501,Desk2,83972.0,83972.0,0.0,0,34.1195,2.458389,11.04418,1.7219293
501,Wall_Part,83972.0,84436.0,464.0,1,34.11306,2.458389,11.06834,1.5022901
501,sideDoorsNonSpecific,84448.0,84448.0,0.0,0,34.02829,2.458699,11.31157,1.2065113
501,Desk2,84460.0,84460.0,0.0,0,34.00317,2.458791,11.31067,1.3851007
501,Wall_Part,84472.0,84660.0,188.0,1,33.97799,2.458874,11.30981,9.061484
501,1I_Hall_End,84672.0,85172.0,500.0,1,33.37701,2.460821,11.29043,14.424428
501,Ventilation,85172.0,85428.0,256.0,1,32.89143,2.464563,11.27604,6.941164
501,Desk1,85436.0,85448.0,12.0,0,32.90539,2.465677,11.27855,1.7031734
501,sideDoorsNonSpecific,85460.0,85460.0,0.0,0,32.9099,2.465827,11.28145,1.3242608
501,Wall_Part,85468.0,85516.0,48.0,0,32.91225,2.465748,11.28337,1.3985358
501,sideDoorsNonSpecific,85524.0,85580.0,56.0,1,32.92051,2.4655,11.29267,1.5935569
501,Wall_Part,85592.0,85668.0,76.0,1,32.92705,2.464293,11.30745,1.3821876
501,Bars_Door_1,85684.0,85684.0,0.0,0,32.92708,2.461788,11.3343,10.544203
501,1S_Access_2_Door,85692.0,85692.0,0.0,0,32.92665,2.461453,11.33682,11.309391
501,Wall_Part,85704.0,85748.0,44.0,0,32.92637,2.461114,11.33903,11.15241
501,Column,85760.0,85860.0,100.0,1,32.92515,2.459761,11.34825,3.2970843
501,2QR,85872.0,85872.0,0.0,0,32.91659,2.457713,11.3643,5.238755
501,Column,85880.0,85924.0,44.0,0,32.91578,2.457531,11.36513,3.0171695
501,Wall_Part,85936.0,86024.0,88.0,1,32.91476,2.456651,11.36604,4.940062
501,Server,86036.0,86068.0,32.0,0,32.91634,2.455277,11.36077,7.4899254
501,Bars_Door_2,86080.0,86136.0,56.0,1,32.91821,2.454975,11.35692,10.676835
501,Server,86148.0,86168.0,20.0,0,32.91716,2.454676,11.35422,7.823012
501,1S_Access_2_Door,86180.0,86404.0,224.0,1,32.91639,2.454581,11.35321,11.471851
501,Handles_2,86412.0,86416.0,4.0,0,32.9134,2.455111,11.34996,11.326694
501,1S_Access_2_Door,86424.0,86916.0,492.0,1,32.9132,2.455165,11.35012,11.399726
501,Bars_Door_2,86924.0,86924.0,0.0,0,32.84962,2.45676,11.10707,10.334488
501,Server,86936.0,87080.0,144.0,1,32.84328,2.456733,11.08286,7.1187763
501,Bars_Door_2,87084.0,87280.0,196.0,1,32.72848,2.45626,10.6471,9.825181
501,Server,87292.0,87436.0,144.0,1,32.57005,2.455477,10.04061,6.2532163
501,sideDoorsNonSpecific,87444.0,87580.0,136.0,1,32.46495,2.455032,9.604452,8.387928
501,Wall_Part,87580.0,87680.0,100.0,1,32.37728,2.469426,9.191348,8.754709
501,sideDoorsNonSpecific,87692.0,87768.0,76.0,1,32.31207,2.469423,8.873741,8.175127
501,Wall_Part,87780.0,87804.0,24.0,0,32.26943,2.462228,8.629762,6.720132
501,Server,87812.0,88268.0,456.0,1,32.25808,2.410958,8.542794,5.479197
501,sideDoorsNonSpecific,88280.0,88324.0,44.0,0,32.19894,1.897732,7.341873,6.700974
501,Wall_Part,88336.0,88424.0,88.0,1,32.19924,1.863342,7.171491,6.8620324
501,sideDoorsNonSpecific,88436.0,88604.0,168.0,1,32.20026,1.754745,6.917523,6.430122
501,Bars_Door_2,88612.0,88612.0,0.0,0,32.22403,1.564106,6.453912,5.821418
501,1S_Access_2_Door,88624.0,91492.0,2868.0,1,32.22805,1.523756,6.418914,6.494819
501,Wall_Part,91500.0,92168.0,668.0,1,32.89319,1.059197,0.6030453,3.7983341
501,2S_Wall,92180.0,92244.0,64.0,1,32.90033,1.05691,0.7976102,3.9784381
501,Wall_Part,92256.0,92556.0,300.0,1,32.89363,1.0568,0.7994044,3.8542666
501,sideDoorsNonSpecific,92568.0,92568.0,0.0,0,33.23265,1.058184,0.2877108,3.304705
501,Desk1,92580.0,92600.0,20.0,0,33.24099,1.058248,0.263783,3.3254442
501,Desk2,92612.0,92644.0,32.0,0,33.27295,1.058406,0.1673056,3.2420354
501,Wall_Part,92656.0,92676.0,20.0,0,33.3053,1.05856,0.04220335,3.1445663
501,2S_Wall_Right,92688.0,92844.0,156.0,1,33.3121,1.058772,-0.06144459,3.1469972
501,Wall_Part,92856.0,93036.0,180.0,1,33.12313,1.058488,-0.526346,2.640878
501,Desk2,93044.0,93244.0,200.0,1,32.88492,1.057038,-1.048823,2.0332837
501,Desk1,93256.0,93944.0,688.0,1,32.77277,1.057378,-1.656027,1.4091327
501,Desk2,93956.0,94012.0,56.0,1,32.7909,1.058645,-2.190573,0.8997343
501,Desk1,94020.0,94556.0,536.0,1,32.84051,1.058457,-2.187724,0.87822235
501,Stairs,94568.0,94620.0,52.0,1,33.32786,1.056895,-2.145639,3.328603
501,Desk2,94632.0,94644.0,12.0,0,33.12639,1.057014,-2.14524,0.9709784
501,Stairs,94656.0,94656.0,0.0,0,33.12591,1.057022,-2.145061,3.3026676
501,Desk2,94668.0,94676.0,8.0,0,33.12566,1.057024,-2.14496,0.9988621
501,Stairs,94688.0,94744.0,56.0,1,33.12515,1.057035,-2.144764,3.3250828
501,Ground_Part,94756.0,94944.0,188.0,1,33.12409,1.056953,-2.144001,3.8050706
501,Gate,94956.0,94956.0,0.0,0,33.12578,1.057198,-2.144135,10.130595
501,Corridor_Part,94964.0,94976.0,12.0,0,33.12601,1.057289,-2.14422,12.004545
501,Gate,94988.0,95000.0,12.0,0,33.12653,1.057433,-2.144378,10.10346
501,Ground_Part,95012.0,95012.0,0.0,0,33.12709,1.057551,-2.144549,11.873779
501,Gate,95020.0,95156.0,136.0,1,33.12736,1.057596,-2.144618,10.1024475
501,Corridor_Part,95164.0,95176.0,12.0,0,33.13123,1.057665,-2.495281,11.65239
501,Gate,95188.0,95188.0,0.0,0,33.13187,1.057843,-2.545472,9.739293
501,Corridor_Part,95188.0,95212.0,24.0,0,33.13187,1.057843,-2.570472,11.579564
501,Gate,95220.0,95256.0,36.0,0,33.1329,1.058044,-2.645836,9.622535
